company_name,salary_info_reliability,0,1,2,3,4,5,6,7,8,9,10,11,12,13,14,15,16,17,18,19,20
(주)금영제너럴,매우높음,3174,3229,3305,3418.75,3518.5,3631.75,3758.5,3885.25,4033.5,4189,4348.75,4506.25,4652.5,4787.25,4913.25,5039,5172,5314.5,5388,6419.83,6513.91
(주)낭만상회,매우낮음,2954.25,3011.75,3096.75,3226.5,3355,3502.25,3663.75,3819.75,3987.25,4154.25,4322.25,4490.75,4655,4812.5,4968.25,5134,5317.75,5514.25,5617.33,6680.83,6777.18
(주)네비웍스,높음,3326.25,3387,3468.75,3585.5,3688,3803,3934.5,4066.5,4215,4364.75,4519.75,4684.25,4854.5,5028.25,5204.5,5390.75,5593.5,5812.75,5927,7223.42,7341.45
(주)네일톡톡,낮음,4192.5,4275.75,4397,4574.25,4738,4913.5,5099,5275.5,5470.25,5660,5846.25,6029.75,6206.25,6378.75,6550.25,6728.5,6919.75,7120,7224,8338.58,8439.82
(주)노아시스템즈,매우낮음,4656,4744.75,4872.25,5060.75,5236.75,5435.75,5664.5,5903,6180,6470.5,6768.5,7072.75,7377.25,7681,7987,8301.25,8625.75,8954,9122.33,10769.08,10918.27
(주)누리인포스,보통,3314,3370.5,3443.25,3546.25,3627.25,3717.5,3822.5,3929.5,4060.25,4202.25,4359.25,4533.5,4716,4898.25,5076.75,5257,5447.75,5653.75,5761,6976.92,7087.64
(주)누비랩,낮음,3627.75,3696.5,3792.75,3932.5,4061.75,4204.75,4365.5,4527.25,4708.5,4891.5,5075,5259.75,5440.25,5615.5,5787,5960.25,6142.75,6338.25,6438,7696.25,7811.18
(주)다우기술,매우높음,4274,4350,4463.25,4648.5,4842.75,5083.25,5358.25,5631.75,5919.5,6197.25,6466.75,6732.5,6998.5,7274,7563.25,7864.5,8171.25,8479,8633.33,10397.58,10558.18
(주)더스윙,높음,4305.75,4358.5,4408.5,4463.75,4466.25,4461.5,4464.5,4469.75,4491.25,4549.5,4644,4784,4971.5,5201.75,5463,5738.25,6009,6252.5,6374,6907.83,6954.64
(주)더아머베어러,매우낮음,4245,4312.5,4403.5,4546.75,4671.25,4827.5,5004.25,5171.25,5352.75,5527.75,5701.5,5876.75,6050.25,6222.25,6393,6567,6749,6937.5,7034.67,8076,8170.64
(주)데이터드리븐,낮음,3659,3734.5,3846.75,4014.5,4183.5,4370,4571.25,4765.5,4973.5,5180.5,5390.5,5603.25,5813.75,6018.75,6220.25,6431.25,6660.5,6904.75,7032,8356.58,8476.82
(주)데이터메이커,낮음,2809.75,2866,2946.75,3062.25,3165.5,3269.75,3380.75,3491,3618.25,3749.5,3886.5,4032,4185.75,4353.75,4536.75,4739.5,4965.25,5193.75,5315.33,6105.17,6175.36
(주)두나미스아트테크놀로지스,매우낮음,3061.25,3120.5,3202.5,3317.5,3419.25,3526.25,3644.75,3766.5,3911,4065,4227.5,4396.25,4563.5,4726,4884,5042.25,5205.75,5374.5,5461,6437.58,6526.45
(주)디아이,매우낮음,3866,3941.5,4052.5,4219.75,4381.25,4555.75,4740.75,4919.25,5120,5328.5,5542,5757.25,5969.25,6182.5,6399.75,6623.25,6856,7093.75,7213.67,8645.17,8775.55
(주)디어유,보통,4416.75,4500,4615,4779.25,4920.5,5059.25,5197.5,5327,5487,5668,5877.5,6109.5,6346.75,6583.5,6815.75,7049,7294.5,7557.5,7692.67,9392.25,9547.27
(주)디에스앤지,매우낮음,3691,3762.25,3861,4000.25,4120.75,4246.5,4382.25,4516,4676.5,4850,5035.75,5230,5426.25,5624,5827,6041.5,6266,6494,6609.67,7917.83,8036.82
(주)디윅스,매우낮음,3850.5,3931,4046,4208.5,4363.75,4525.25,4700.25,4876.25,5077,5284.75,5502.25,5729.5,5956.5,6179.75,6397.25,6614,6835.75,7061.75,7177.67,8438.42,8552.91
(주)딜리버리랩,높음,3180.5,3242.25,3324.25,3433.25,3520.75,3606.75,3702.75,3802.75,3926.25,4058,4196.25,4340,4483.75,4626,4770.5,4926.25,5099.25,5287.25,5385.67,6458.92,6556.45
(주)딥인사이트,보통,3945.5,4030.5,4154.5,4328.75,4490.75,4656.75,4829.5,4987.25,5146.5,5278,5392.75,5512,5647.5,5805.75,5983.5,6176.25,6384.75,6611.75,6727.33,8550.92,8717.45
(주)라닉스,보통,3794.5,3860,3946.5,4069.25,4166.75,4277,4402.75,4525.5,4668.75,4814,4960.25,5110,5258,5405,5556,5719,5901.5,6102.5,6206,7592.42,7718.91
(주)라텔앤드파트너즈,보통,3448.75,3516.75,3609,3734.25,3839.5,3943.75,4057.75,4176.25,4320.75,4470.75,4623.25,4773.75,4915.25,5048.75,5178.25,5312.75,5461.25,5626.5,5712.67,6976.25,7091.45
(주)러닝포인트,낮음,2557.25,2603,2667.5,2764,2851.5,2954.75,3071,3183.25,3305,3425.75,3547,3670,3796.25,3921.25,4046.25,4173.5,4298,4413.5,4472,5105.08,5162
(주)레벨나인,낮음,3185.75,3243,3318.5,3423.5,3509.5,3603.5,3713,3828.25,3967.75,4120.5,4296.5,4504.5,4740.25,4987.75,5227.5,5445.25,5646.25,5844.5,5940.67,6840,6922.45
(주)리비바이오,낮음,2894.75,2947.5,3021,3128.5,3221,3324,3440.5,3559.75,3707.5,3869.5,4039,4203.75,4350.75,4480.25,4605.5,4750.25,4920.5,5098.75,5197.33,5939.75,6005.45
(주)리트빅,높음,4338,4403.75,4477,4571,4617,4675.25,4763.25,4872.5,5030.75,5215.25,5420.25,5640.75,5863,6083.25,6305.25,6537.5,6786,7044.25,7178,8667.5,8802.55
(주)린컴퍼니,높음,3453.5,3504.75,3570.5,3670.25,3743.25,3833.5,3938.5,4038.75,4158.75,4287.75,4426.5,4577,4733.5,4894.25,5060.75,5238,5432,5642.75,5751,7218.42,7352.27
(주)링네트,높음,3644,3711.5,3802.25,3930.25,4041.5,4165.75,4309,4456.5,4627.5,4802.25,4979.25,5157.75,5337,5522,5720.75,5943.5,6192.25,6456,6592.67,7947.5,8070.36
(주)마카롱팩토리,보통,3266.5,3323.75,3410.5,3555.5,3707.75,3890.25,4089.75,4284,4494.75,4709.75,4920.75,5118.25,5300.75,5481.75,5680,5897.25,6119.25,6332.25,6438.67,7654.58,7764.73
(주)메디트,매우높음,3963,4035.75,4133.25,4270.25,4383.25,4507,4646.75,4791.75,4968.25,5156.25,5358.5,5572.5,5793,6020.75,6260.5,6518.5,6799.25,7097,7249.67,8961.5,9117.18
(주)모비루스,보통,3716.5,3789,3887.5,4021,4130.75,4236.75,4352.25,4474.75,4633.75,4813.5,5008.25,5213,5417,5617.25,5815.25,6015.5,6224.5,6446.25,6559.33,8010.75,8143.27
(주)모빌리티네트웍스,낮음,4609,4747,4954.5,5162.5,5392.75,5593,5782.25,5977.25,6205.75,6433.5,6659.5,6888,7119,7354,7597,7850.25,8111.5,8370.5,8504.67,9599.25,9697.64
(주)모빌린트,낮음,4382.75,4463.75,4581.75,4767,4958,5196.5,5489.25,5819,6195,6560.25,6881.25,7130,7298.5,7412,7507,7622.25,7793,8031,8160,9677.83,9817.18
(주)뮤즈블라썸,낮음,3177.5,3236.5,3316.5,3429.25,3525.5,3630,3739.25,3830.25,3922.25,4008.75,4109.75,4251.5,4443.25,4676,4924.5,5167.75,5386,5577.25,5669.67,6862.67,6971.27
(주)미디어로그,높음,4012.5,4077.5,4154.25,4255,4317,4394.25,4508.5,4653.25,4853,5080,5326.5,5584.25,5847.75,6106.75,6351.5,6591.75,6839,7109.25,7246.33,8954.25,9110.73
(주)바로팜,보통,3673.5,3745.5,3855.25,4032.5,4223.25,4436.75,4641.25,4803.5,4948,5075.25,5217.75,5388.25,5583.75,5797,6013.5,6228.5,6447,6679.5,6796.33,8062.58,8178.91
(주)버즈니,보통,4203.75,4291.25,4422.25,4616.5,4808.75,5006,5204.25,5378.75,5562,5751.75,5954.75,6171.75,6390.25,6600.75,6804.75,7015.75,7242.25,7487.75,7614.33,9137.92,9277
(주)벙커키즈,낮음,3376.25,3439.75,3527.25,3652.5,3764.25,3885.75,4022,4160.5,4319.5,4482.25,4647.5,4813.75,4976,5134.5,5290.25,5449.25,5618.25,5798,5890.33,7042.33,7147.36
(주)베스텔라랩,보통,3102.75,3153,3219,3318.5,3403.25,3505,3621.25,3734.25,3861.75,3994.25,4139.5,4304,4491,4708.25,4965,5270.25,5634.25,6047.5,6261.33,7286.42,7380
(주)벤디트,매우낮음,3464,3525,3609.5,3734.25,3841,3960.5,4092,4220.5,4369.25,4523.5,4684,4849.75,5017.75,5187.25,5357.5,5532.5,5715.5,5904,6000.67,7073.42,7170.91
(주)뷰런테크놀로지,보통,3369.75,3436.75,3538.25,3692.5,3843.5,3997.5,4148.25,4280,4423.75,4582,4760,4951.5,5143,5327.5,5506,5691,5889.5,6098,6207,7285.17,7382.91
(주)블루텍,매우낮음,3646.25,3718,3823.25,3974.25,4102.75,4229.5,4357,4475,4619,4778.25,4949.75,5132.75,5320.75,5507,5690.5,5877,6072,6274,6378.67,7566.25,7674.09
(주)비글즈,낮음,3116.5,3180.25,3282.75,3450,3634,3841.25,4056,4253.5,4453.5,4653.75,4861.75,5065,5250.25,5420.5,5584.5,5755,5944,6148,6250,7470.83,7582.36
(주)비솔,매우낮음,3682,3754,3852.5,3987.25,4094.75,4196,4293.75,4377.5,4473,4566.25,4668.25,4786.75,4921.75,5067.5,5216.75,5371.25,5538.25,5721.25,5816.67,7080.67,7195.91
(주)비욘드메디슨,낮음,3236.5,3300.25,3390,3518,3633.25,3757.25,3891.75,4024.75,4180.5,4341.25,4507.75,4679,4850,5021.25,5199.25,5390.75,5593.25,5801.75,5909.33,6998.67,7097.45
(주)비욘드테크,높음,3185.5,3246,3330.25,3449.25,3547.5,3644.75,3743.75,3834.75,3945,4063.75,4190,4321.25,4454.5,4592.75,4743.75,4915,5104,5300.75,5402.67,6518.33,6619.45
(주)사이버다임,높음,3534.75,3601,3690,3813.75,3917,4023.25,4139.25,4255,4395.5,4548.5,4716.75,4900.25,5090.75,5283.75,5477.25,5674.5,5878.75,6088.25,6195.67,7481.17,7598
(주)설텍,낮음,3071.5,3126.25,3200.75,3307.75,3393.5,3480.5,3568.25,3644.75,3736.25,3835,3945.25,4067.5,4196.25,4330,4469,4616.5,4772.25,4931.75,5014,6018.67,6109.82
(주)세기알앤디,보통,4926.5,4999.25,5085.75,5208,5283.25,5386.25,5521,5655.75,5813.75,5970,6134,6322.75,6537.75,6771.25,7015.5,7274,7551,7839.5,7990,9773.92,9935.45
(주)센트비,보통,3638.75,3710.25,3811.25,3957.5,4093.5,4243.25,4405.25,4563.25,4744,4930.25,5129.75,5354.75,5602.75,5871.75,6153.25,6432.5,6699.25,6943.5,7065.33,8272.58,8381.45
(주)소테리아,낮음,4658.75,4738.5,4842.25,4992.75,5121.25,5281.75,5482.25,5701.75,5956,6208.25,6453,6688.75,6909,7126,7354,7610.5,7910.75,8233.75,8406,10032.25,10178.73
(주)소프트넷,높음,3835.75,3894.75,3969.5,4085,4186,4324.5,4501,4694,4918.5,5149.25,5378.25,5599,5807.5,6009.25,6215,6435.75,6677.5,6930.75,7062,8397.42,8518.36
(주)쉬모스랩,매우낮음,3464.25,3527.5,3611.5,3727.5,3822.75,3927,4051,4188,4358.25,4542.75,4738.75,4945,5157.5,5374.75,5596.5,5824.5,6060.5,6299.5,6422,7599.25,7705.91
(주)스톤위즈,낮음,2986,3038,3104,3193.75,3262.25,3339.25,3433.5,3535.75,3660,3790.75,3932.25,4095.5,4287.25,4505,4736,4970.5,5199,5415.25,5525,6479.67,6565.91
(주)스트라티오코리아,낮음,3063,3119.75,3201.75,3328,3451.25,3593.25,3745.25,3882.5,4020.75,4149.25,4274,4398.25,4519.75,4638,4758.75,4895.25,5057.5,5244,5342.33,6709,6833.45
(주)시스콘로보틱스,낮음,3432,3501.75,3602.5,3745.5,3872,3997,4121.75,4235.5,4365.75,4500.25,4640.75,4785,4927.25,5067.25,5210,5367.25,5546.25,5743.75,5847.33,7021,7127.82
(주)시에라베이스,매우낮음,3770.75,3845.25,3948.5,4091.5,4216.5,4341,4471.75,4598.25,4745.25,4897.75,5057.5,5225,5393.5,5561.5,5729.75,5902.75,6083.5,6268.5,6364,7396.08,7489.73
(주)싸이버로지텍,높음,4833,4936,5080.75,5274.75,5442.5,5598.5,5764.5,5937,6146.75,6371,6611.25,6873.5,7154.25,7449.75,7751.75,8057,8372.5,8705.5,8874,10929.33,11117.18
(주)쏠리드윈텍,보통,3610,3678.75,3773.25,3905.75,4019.75,4137,4264.25,4387.75,4527.75,4670.75,4817.25,4970,5130.75,5299.25,5476.5,5665,5863.75,6069.5,6174,7347.75,7454.64
(주)쓰리아이,높음,3910.75,3979,4067.25,4189.5,4285.25,4391,4516.25,4647,4805.75,4972.5,5144.5,5322.25,5500.25,5678,5858.25,6046.5,6247.5,6462.25,6572,8051.67,8186.64
(주)씨브이네트,보통,4328.5,4411,4531.5,4712.5,4882.75,5066.75,5252.75,5411.75,5573.75,5729.25,5890,6069,6264,6472,6692.75,6925,7168.75,7417.75,7545,9026,9160.55
(주)씨앤유글로벌,낮음,3865.25,3946.5,4069.75,4249.75,4417.25,4585.75,4756,4913.25,5093.25,5283,5481.75,5691.25,5905,6117,6326.5,6536.75,6751.75,6968.25,7079.67,8288.75,8398.18
(주)씨앤지마이크로웨이브,보통,3281,3337.75,3413.5,3522.5,3609.75,3704,3808,3909.5,4033,4172.5,4329.75,4502,4678,4849.25,5012.75,5170.75,5331,5492.75,5574.33,6809.17,6921.45
(주)아론티어,낮음,3976.75,4063.25,4186.5,4357.25,4520.25,4687.75,4872.25,5065.5,5288.75,5519,5755.25,5995.5,6234.25,6469.5,6700,6930,7164.25,7404.25,7526.33,8828.33,8946.91
(주)아르고스아이덴티티코리아,낮음,4084.5,4161.25,4265.5,4413,4542.25,4682,4837.5,4992.75,5169.5,5347.5,5527.25,5708.75,5887.25,6062.25,6235.25,6412.25,6597,6789.5,6888.33,8046.83,8152.36
(주)아이도트,보통,3598.75,3669.25,3768.75,3911.5,4044.25,4187,4345.25,4505.5,4687,4873.5,5063.25,5252,5428.25,5588.5,5741.75,5912.75,6123,6373,6508.67,7768.25,7882.73
(주)아이디에스앤트러스트,높음,3497,3566.25,3661.75,3794.5,3910.5,4027.5,4154,4284.25,4442.5,4612.75,4793.25,4978.75,5163,5346.75,5536.25,5741.75,5968.75,6214.25,6342,7705.08,7829.09
(주)아이브,보통,3999.25,4078.5,4194.25,4366.5,4535.5,4732.75,4963.25,5207.25,5481,5751.5,6009.25,6248.25,6458.25,6641.25,6801.75,6952.5,7111,7278,7365,8377,8469
(주)아이비리더스,보통,3493,3542.75,3598.5,3676.75,3724,3795.75,3897.75,4014.5,4163.5,4324,4497.25,4686.5,4888.25,5101.5,5327.5,5569.25,5825.75,6089,6225,7688.42,7820.91
(주)아이오트러스트,낮음,3707.75,3784.5,3890.25,4033,4155,4275.5,4406,4537.75,4696.75,4863,5037.5,5223.25,5415.5,5610.5,5807.75,6010.25,6223.75,6451.25,6567,7939.33,8064.55
(주)아이트럭,보통,3212.75,3275.25,3368.25,3510.75,3654.25,3819,3999.5,4173.25,4358,4540.75,4724.75,4911,5094.25,5272.25,5448.5,5634.75,5838.5,6054,6167,7319.08,7423.36
(주)알에프메디컬,보통,3364.75,3420.75,3495.5,3606.75,3698.75,3803.75,3919.5,4029.75,4159.75,4296.25,4437.5,4580.5,4718.5,4854.25,4993,5143,5307.75,5485,5576.67,6732,6837.27
(주)알에프텍,높음,2998,3055.5,3142.25,3276,3405.5,3543,3681.75,3802.5,3926.75,4051.5,4181.75,4318.75,4458.25,4597,4735.75,4879.5,5031.5,5190.25,5272,6337.5,6434.36
(주)애드크림,낮음,2854.75,2908.25,2985.75,3103.25,3216.75,3347.75,3493.25,3636.75,3794,3948,4101,4252.75,4398.75,4539.25,4674.75,4813.5,4961,5114.75,5196,5879,5940.64
(주)애자일소다,보통,3582.75,3651,3743.5,3871.25,3978,4084.5,4197.25,4309,4446.5,4597.5,4763.75,4942.25,5124.5,5307,5491,5683.75,5891.25,6113.5,6228.33,7733.08,7870.09
(주)액스비스,낮음,3577,3645,3745.5,3896,4028,4168.75,4315,4449.75,4604.5,4763.5,4931.75,5108.25,5288,5467.75,5643.5,5823.75,6015.25,6219,6324.67,7538.25,7648.73
(주)야나두,높음,3723,3777.5,3841.75,3937.5,4010.25,4113.75,4247,4388.25,4555,4725.25,4899.75,5076.5,5247,5411.25,5573.5,5739.25,5914,6098.25,6191.67,7336.5,7440.91
(주)어뮤즈랩,매우낮음,3457.5,3529.25,3630,3769,3895.75,4023.5,4162.25,4304.5,4470.5,4642.25,4817.5,4993,5162.25,5324.25,5482.5,5645,5819,6005.5,6101.67,7313.5,7423.91
(주)어센트코리아,보통,3668.75,3736,3828.25,3962.5,4082.25,4210.25,4344.25,4467.25,4603.75,4745.75,4902,5073.75,5249.75,5423.75,5592.75,5761,5936.25,6121,6215.67,7599,7725.09
(주)언에이아이,매우낮음,2559.75,2602.5,2660.25,2748.75,2829,2926.25,3037.5,3148,3273,3403.75,3542.5,3687.5,3831.5,3972,4110.25,4250.5,4395.5,4544.5,4620.67,5446.75,5521.91
(주)에스엠해썹,낮음,3343.25,3419.25,3540.5,3720.25,3893.5,4061.75,4218.5,4348,4483.5,4615.75,4747.75,4883.5,5026.75,5183.25,5357,5550.5,5764.25,5985.75,6099,7339.42,7451.82
(주)에스피코리아,매우낮음,2518.75,2571,2648,2758.75,2860.5,2962.5,3063.5,3155.5,3259.75,3366.5,3479.25,3599,3722.5,3848.75,3977,4111.5,4252,4395,4470,5288.42,5362.55
(주)에쓰씨케이,보통,3837.75,3915.25,4025,4178,4310,4436.25,4557,4659.75,4782.25,4921.25,5084.75,5273.5,5474,5677,5881,6089.5,6305.5,6526.25,6637.67,8038.67,8166.27
(주)에어키,보통,3703.75,3774,3873.5,4020.25,4155.25,4300.75,4454.5,4597.5,4752,4906.25,5064.25,5225.25,5387,5548,5712.5,5893,6097.75,6325.25,6444,7871.08,8001.09
(주)에이버튼,매우낮음,4532.75,4602.25,4693,4837,4970.25,5165.25,5416.5,5683.25,5978.75,6272,6565.5,6865.25,7162.5,7447.5,7718.75,7992.25,8281.25,8586.25,8745.67,10216.25,10349.73
(주)에이아이썸,낮음,3813.5,3891.25,3999,4146,4274.5,4399.5,4529.75,4657.25,4807.5,4964.5,5129.5,5299.75,5463.75,5612.5,5741.5,5859.25,5982.5,6124.5,6197.67,7402.17,7512.64
(주)에이아이콴텍,매우낮음,4042.5,4129.5,4257.75,4439,4602.25,4751,4891.75,5027.5,5202.25,5400.75,5616.25,5838,6049.75,6252.75,6451.75,6651.5,6861,7085.75,7201.67,8561.67,8685.91
(주)에이트테크,보통,3315.25,3383.75,3482,3618,3736.25,3854,3979.25,4100.75,4237.75,4369.25,4493.25,4614.25,4737.75,4869.5,5010.75,5166.5,5340.5,5536.75,5636.33,6824.67,6933.91
(주)에이핀테크놀러지,낮음,2921.5,2983.25,3070.75,3191,3301,3411.75,3530,3646.25,3775.5,3900,4022,4146.25,4271,4398.5,4531.5,4680.5,4856.25,5059.75,5167.33,6357.67,6466.27
(주)에프에스솔루션,보통,4171,4257.25,4381.75,4560,4727.75,4892,5052.5,5193.5,5347,5503.25,5668.5,5843,6016,6184.5,6351.25,6524.75,6715,6930.75,7041.33,8990.25,9168.55
(주)에프엘이에스,보통,2517.75,2564,2628,2722.5,2811.75,2918.5,3048.5,3189.25,3346,3498.25,3641,3775.75,3906.25,4033.5,4158.25,4279,4395.5,4512.5,4570.67,5409.08,5485.64
(주)에피소든,낮음,3679.75,3755.75,3865.75,4022.75,4169.25,4319.75,4478.25,4631.75,4805.5,4984.75,5171.25,5365.75,5562.75,5760.25,5959,6162.75,6372.75,6579.75,6686.67,7435.83,7503.09
(주)엑심베이,보통,3488,3545.75,3620.25,3727,3811.5,3915.75,4043.25,4179.75,4347.25,4522.25,4702.5,4890,5077,5261,5437,5605.5,5769,5929.5,6011.67,7339.33,7460
(주)엔클로니,보통,3157,3206.25,3272.5,3378.5,3473.5,3594.25,3730.25,3856.75,3991.25,4124,4263.25,4411,4563,4717.25,4875,5042.75,5223.5,5414,5512.67,6598.5,6697.09
(주)엘아이지시스템,높음,3356.75,3433.25,3543,3686.75,3815,3925.75,4034.75,4142.75,4275,4417.5,4570.25,4734,4907.5,5090.25,5279.5,5477.5,5687,5909,6022.67,7494.92,7629.18
(주)엠로,매우높음,3768.25,3847.25,3956.5,4103,4230,4350.75,4478.75,4609.5,4770,4945.5,5141,5360.5,5596,5841.5,6091.25,6344.75,6604.25,6868.25,7003.33,8705.5,8860.18
(주)엠트리센,낮음,3751,3821.5,3917.75,4055,4178.5,4315.25,4467,4614.25,4770.5,4913,5049,5190.75,5342.75,5511.75,5698.5,5901.75,6123.25,6366.5,6490,7966.33,8101.64
(주)오래,매우낮음,3066,3123,3206.25,3335.25,3464,3616.75,3787.25,3952.25,4126.5,4295.75,4461.5,4623.25,4777,4922.5,5065.5,5221.25,5399.5,5595.75,5699.67,6848.92,6953.18
(주)오버컴테크,낮음,3210.25,3272.25,3360.5,3489,3608.5,3739.75,3882.75,4021.75,4175.75,4327.25,4474.25,4617.25,4749.75,4871.75,4989.5,5112.75,5250.5,5404.25,5485,6575.83,6675.27
(주)오프리메드,낮음,2582.75,2626,2684.5,2774,2855.5,2953.75,3066,3177.25,3303.25,3435,3574.75,3721.5,3866.75,4008.25,4147.5,4288.75,4435.25,4585.75,4663,5495.42,5571.09
(주)오픈소스컨설팅,높음,4225,4296.5,4388.25,4519,4624.5,4747.75,4893.5,5046.75,5232.75,5434,5650,5869.5,6079.75,6279,6477.25,6695.75,6947,7230,7377.67,9216.5,9384.18
(주)온블록,매우낮음,4137.75,4213.75,4320.5,4482.5,4639.75,4824,5034.25,5248.75,5486.5,5729.75,5981.25,6236,6484.5,6722,6949.25,7176.25,7411.5,7656.5,7782.67,9180.83,9308.09
(주)옵트에이아이,매우낮음,3202.5,3264.75,3351,3473,3582.5,3697.5,3824.75,3954.75,4107.75,4269.25,4437.75,4611.25,4782.75,4949.75,5114,5280.5,5453.75,5635,5728,6769.5,6864.36
(주)와따에이아이,낮음,3872.5,3945,4044.5,4188.5,4320.75,4471.25,4644.25,4822.25,5022.5,5222.75,5420.5,5615.5,5803.25,5984.75,6164,6349,6546.25,6758.5,6867.67,8259.25,8386.36
(주)와이톤,낮음,2983.5,3040.5,3119,3230.25,3327.75,3439.25,3569.75,3700.75,3840.5,3967.5,4085.75,4212.5,4363.25,4535.25,4707,4856.5,4972,5058.25,5094.67,5884.5,5956.82
(주)와탭랩스,보통,4145.25,4224.5,4330.75,4477,4604,4742.5,4901.5,5068,5265,5468.25,5677.5,5898.75,6134.25,6393.5,6685.25,7011,7376.25,7768.25,7968,9273.67,9392.36
(주)원익피앤이,매우높음,3280.75,3348.75,3451,3601.25,3743,3891.25,4045,4188.75,4346.75,4504,4662.25,4823.25,4983.25,5143.75,5308.75,5487,5685.5,5901.5,6013.67,7271.5,7386
(주)위드네트웍스,높음,3312.5,3371.25,3449,3558.25,3646,3738.75,3840.5,3941,4063,4195,4340.25,4500,4669.75,4847,5029.5,5219,5420.25,5635.75,5745.33,6977.83,7090.45
(주)위버스브레인,낮음,3150,3205.5,3279.5,3386.25,3477.5,3581,3700.75,3824.25,3970,4124.75,4288.25,4458.5,4629,4795.75,4959,5124.5,5297.25,5478.5,5571.67,6618.83,6714.18
(주)위버케어,매우낮음,4288.75,4377.5,4508.5,4701,4889.5,5092.25,5310.25,5524.25,5761.25,6002.5,6249.5,6499.75,6744.75,6982,7214,7448.75,7691,7936.75,8062.67,9430.5,9554.64
(주)유니아이,매우낮음,3217.75,3280.5,3367.75,3490.75,3601,3717,3844.75,3975.5,4129.5,4291.5,4461.25,4635.75,4808.25,4976.5,5141.5,5309,5483,5664.75,5758,6804,6899.27
(주)유디아이디,보통,3139,3193.75,3266.75,3371,3455.75,3546.5,3647.25,3747.75,3869.25,3999.5,4137.5,4282,4428.75,4578.25,4732.25,4895,5067,5245.75,5338,6387.42,6482.82
(주)유리프트,낮음,3257.75,3320.25,3407.25,3532.25,3646.5,3769.75,3906.5,4044.5,4203,4369.25,4544,4726.5,4909.5,5089.5,5265.5,5441.5,5622.25,5807.25,5902,6955,7050.73
(주)유비퍼스트대원,낮음,3373.75,3439,3541.25,3699.75,3849.25,4005.75,4159,4288.25,4423.75,4560.5,4701.75,4855,5022.75,5199,5382,5567.25,5756,5962.75,6064.67,7667.5,7814.82
(주)유씨아이,보통,3036.5,3093.5,3172.5,3283.25,3374,3470.5,3574,3669,3778,3886.25,3998.5,4121.5,4251.5,4383.5,4515.5,4653.25,4804.25,4968.5,5054,6269.42,6379.91
(주)유아이엠디,낮음,3404.75,3467.5,3550.5,3665.25,3760.5,3865.5,3991,4128.25,4297.25,4480,4675.25,4883,5097.75,5316,5537.25,5764,5997.5,6232.75,6353.67,7509.17,7613.73
(주)이너버스,낮음,3594.5,3665,3760,3888.25,3994,4100.5,4217.5,4335.25,4474,4615.75,4762.5,4919,5084,5255.5,5434.5,5625,5830,6047.5,6160,7530.92,7655.64
(주)이노비즈,높음,3637.25,3702.5,3791.25,3920.5,4034.25,4165,4314.5,4464.75,4634,4805,4983.75,5177,5387,5616.75,5862.5,6115.5,6366,6603.75,6721.67,7935.42,8045.36
(주)이브릿지,매우높음,2846.75,2894.75,2957.5,3047,3115,3191.5,3278.75,3366,3473.5,3589.75,3717.25,3857.5,4005.5,4156.25,4307.5,4461.25,4621.25,4787.25,4872.67,5721.5,5798.64
(주)이비즈테크,낮음,3411.5,3464.25,3531.75,3633.75,3713.25,3813.75,3931.25,4043.25,4172,4302.5,4437.5,4580.5,4729.5,4885.5,5050,5227.5,5420,5630,5736.33,7052.67,7173.27
(주)이우소프트,낮음,3705.25,3783.5,3894.25,4046,4184,4326,4479.5,4631,4799.25,4958,5108.25,5256.25,5398.75,5537.75,5677.5,5824,5987,6170.75,6265.33,7757.75,7894.09
(주)이즈파크,높음,3194,3254,3333.25,3440.25,3525.75,3612.25,3710,3814,3944.75,4085.5,4233.5,4386.75,4539.25,4691.25,4845.25,5005.5,5178.5,5366.75,5463,6729.58,6845.27
(주)이투비비,낮음,3176.25,3235.25,3319,3444,3557.5,3681,3811.75,3934,4070.25,4210.25,4355.75,4504.5,4649.25,4789.5,4929.25,5075,5231,5392.75,5476.33,6403.5,6487.64
(주)이포즌,높음,4020,4095.75,4195.5,4330.75,4441.5,4557.5,4691,4833.75,5009,5194.25,5388,5589.25,5793.75,6000.5,6211.75,6432.25,6665.25,6908.75,7034,8460.42,8590.09
(주)인공지능팩토리,낮음,3384.25,3447.75,3535.5,3661.25,3773.5,3895.5,4032,4170.75,4330.25,4493.5,4659.25,4825.5,4988,5146.5,5302.5,5462,5630.75,5810.75,5903,7058,7163.36
(주)인엘씨테크놀러지,낮음,3798.75,3872.5,3978,4129.25,4260,4393.5,4534,4667,4819.75,4971,5109,5231,5340,5448.25,5571,5718.25,5891,6080.75,6178.67,7569.17,7695.82
(주)인졀미,매우낮음,2975.5,3033,3112,3222.75,3321,3425.25,3542.5,3664.25,3807.75,3959.25,4118,4282.25,4446,4606.25,4763.5,4922.5,5087,5257.25,5344.67,6287.5,6373.27
(주)인터엑스,높음,3655.5,3716.25,3796.25,3914.5,4011.25,4119.75,4239,4351.25,4481,4617.75,4765.75,4925.75,5093.5,5268.25,5449.5,5641.25,5845.5,6059.75,6169.67,7585.83,7714.73
(주)인텍에프에이,보통,3802,3858.75,3925.75,4020.5,4080.25,4158.25,4257.25,4360.75,4489.75,4620.75,4753.75,4890.25,5029.75,5174.25,5324.75,5485.25,5657,5842,5937,7211.33,7327.73
(주)인텔리안테크놀로지스,매우높음,3534.5,3598.75,3686.75,3815.5,3929.75,4053.75,4188.75,4318.5,4466.5,4623.75,4794,4977,5168,5364.75,5569.75,5788.75,6024.5,6275,6403,7995.08,8140.09
(주)인피닉,매우높음,2868.5,2923.25,2996.75,3097,3179.25,3261.25,3350.25,3440,3550.75,3671.25,3802.75,3946.25,4095.75,4249.25,4404.5,4563,4728.5,4900.5,4988.33,6136.25,6240.82
(주)제네시스네스트,매우낮음,3260.5,3319.75,3399.25,3512,3608,3712.75,3831.75,3954.5,4101.75,4258.5,4423.75,4595.25,4765.75,4933.25,5099.25,5269.5,5448,5636,5732.67,6840.42,6941.36
(주)제논,매우낮음,3874.75,3953,4064,4221.5,4367.25,4520,4686,4852.25,5044.5,5244.5,5451,5661.25,5866,6061.25,6238,6390,6517.5,6627,6676.67,7809,7912.64
(주)제로,매우낮음,2852.25,2904.75,2976,3078,3167.5,3266.25,3378.5,3493.75,3629.25,3772,3921.75,4077.5,4232.25,4384.75,4535.25,4688,4846.75,5009.25,5093,5948.33,6026
(주)제이브이엠,매우높음,3544.5,3614.5,3712.75,3849.75,3967,4089,4219.5,4346,4492,4642,4798,4962.5,5131,5301.5,5475.5,5657.25,5851.75,6057,6161.33,7526.33,7650.91
(주)제이엘케이,매우낮음,4910.25,5007.25,5142.25,5332.5,5506,5689.5,5894.5,6106.25,6353.75,6614.75,6888.5,7172.5,7456.25,7735.25,8008,8281,8560.75,8848.25,8995,10663.42,10815.27
(주)캐스트프로,낮음,3168.25,3227.75,3311.25,3431.5,3538.5,3653,3778,3900,4037,4176,4315.25,4454.25,4591.25,4726.25,4864,5010,5166,5327.75,5411,6432,6524.64
(주)컨두잇,매우낮음,3055.5,3115.5,3212,3371.75,3548.75,3752.5,3965.5,4159.5,4350,4531,4710.5,4890,5071.5,5258.25,5450.75,5648.5,5849.75,6055.25,6157,7352.92,7462.18
(주)컬쳐히어로,보통,3283.75,3343.25,3422,3531.75,3619.25,3709.5,3812,3919,4049.75,4187.5,4329,4471.25,4612.75,4755.5,4900.75,5053.75,5220.75,5401.75,5495,6740.83,6854.36
(주)코닉글로리,보통,3655,3723.25,3814.5,3939.75,4038.5,4130.75,4222.75,4309.5,4422.5,4554.75,4709.75,4882.75,5065,5254,5451.25,5661,5883,6112,6229.33,7519.25,7636.45
(주)코보시스,매우낮음,3730.5,3801.75,3898.5,4032.75,4147.25,4270,4411,4561.25,4743.75,4938,5141.25,5351.75,5563.5,5773.5,5984,6202.25,6433.75,6676.75,6802.67,8160.08,8283.36
(주)코워커넷,낮음,2659.25,2708.5,2775.25,2870.75,2954.25,3045.25,3148,3251.75,3371.5,3495,3621.75,3751,3878.25,4002.25,4123,4245.25,4373.75,4510,4580,5433.17,5511
(주)콜로세움코퍼레이션,높음,3320.25,3374.5,3443.25,3546,3632.25,3737.5,3854.75,3965.75,4086.75,4202.5,4320.75,4445.25,4575.25,4716.25,4874,5048.75,5237.25,5432.75,5533,6750.25,6861
(주)쿼리시스템즈,보통,3717.75,3785.75,3875.25,3997.5,4094,4195.5,4310.75,4427.5,4566.75,4709.75,4861.5,5026,5201.25,5384.25,5571.5,5767.75,5979.5,6208,6325.67,7781.42,7914.09
(주)큐픽스,매우낮음,3486.75,3556.25,3651.5,3782.25,3896,4011.25,4138.75,4271.5,4432.25,4604.5,4786.75,4976.25,5165.25,5350.75,5533.75,5720.5,5916.5,6121.75,6227.33,7437.75,7547.91
(주)크레셈,높음,3538.25,3601.75,3689.75,3820.5,3941.5,4090.5,4274.5,4474.75,4701.5,4919,5120.75,5309,5491.25,5685.75,5900.5,6140.25,6401,6674.5,6814.33,8175.67,8299.55
(주)크리스틴컴퍼니,보통,3033,3082.75,3147.75,3243.75,3323.75,3421,3534.25,3646,3776,3915.25,4073,4256.5,4464.25,4701.25,4972,5271.5,5571.75,5834.75,5970.67,6392.83,6428.18
(주)클럼엘,낮음,4149,4225.5,4333,4496,4654,4839.25,5050.5,5265.5,5503.75,5747.25,5999,6254.5,6503.75,6742.25,6970,7197.5,7433.5,7679,7805.67,9208,9335.64
(주)클레,매우낮음,3478.75,3548.25,3644.25,3776,3891,4007,4134.5,4267,4427.25,4599.25,4781.25,4970,5158.25,5343,5525,5710.75,5905.25,6109,6213.67,7414.92,7524.27
(주)클레온,매우낮음,3961.5,4041.5,4154,4311.75,4456,4605.25,4769.25,4938.5,5139.5,5354.25,5580.5,5813.75,6043.25,6267.75,6487.75,6711.25,6945.25,7189.5,7314.67,8723.58,8851.91
(주)키트웍스,낮음,2910,2962.5,3033,3135.25,3225,3325,3435.25,3539,3651.5,3760,3868.75,3981.5,4096,4211.75,4330,4457,4596.25,4746.25,4824.67,5785.58,5873
(주)태하,높음,3670.75,3748.25,3862.75,4027,4180,4334,4490.75,4634.5,4793,4954.25,5125.5,5312.5,5510.5,5717.25,5927.75,6143.75,6370,6609,6729.67,8037.75,8157.45
(주)텐핑거스,보통,2983.75,3037.75,3108.5,3206.5,3285,3368.25,3461.5,3554.5,3665.5,3781.5,3904.5,4035.25,4169.75,4305,4440.75,4582.5,4734.5,4899.5,4984.67,6055.25,6153
(주)톤28,보통,3241.25,3303.5,3393,3523,3638,3757.75,3879.5,3987.75,4106.75,4224,4343.75,4467.25,4589.25,4712,4839.25,4977,5128.5,5288.25,5370.67,6510.25,6613.82
(주)트러스트,매우낮음,2682.75,2733.5,2802.75,2901.25,2988.5,3081.75,3186,3291.5,3414.5,3543.5,3679.25,3821,3962.75,4102.5,4238.25,4373.5,4513,4657.25,4731,5554.83,5629.91
(주)티사이언티픽,보통,2689,2740,2809.75,2908.75,2996.25,3090,3194.75,3303,3432.5,3570.5,3714.5,3859,3997,4128.25,4257,4390.25,4530,4675,4749.67,5642.75,5724
(주)티피씨인터넷,보통,3329.5,3389.5,3471.75,3593.25,3708.75,3848.75,4013,4176.25,4351.5,4524.75,4704.75,4906.25,5130,5375.25,5633.75,5895,6162,6433,6565.67,7432.25,7511.64
(주)파이오링크,매우높음,3357,3419.5,3508.5,3636.25,3742,3847.75,3956.25,4057.5,4182,4322.25,4477,4647.25,4829.75,5019.25,5213.75,5414.75,5624.5,5842,5953,7253.5,7371.82
(주)팜클,높음,3186.75,3240.5,3311.75,3416.25,3498.75,3589.5,3687.25,3776.25,3878.75,3984.75,4100.5,4228.25,4363.25,4501.75,4643,4792.5,4957.25,5136,5229.33,6262.58,6356.45
(주)패스트레인,보통,3751.75,3822.5,3920.75,4064.25,4197,4361,4567.75,4795.5,5044.25,5284,5512,5733.75,5957.5,6177.75,6388.5,6596.5,6812.25,7035,7150.67,8297.75,8401.91
(주)퍼퓸그라피,낮음,2954.75,3003.5,3071,3175,3263.5,3366.25,3476.5,3577.25,3692.75,3813.25,3939,4065,4187,4308,4442.25,4600.25,4773.5,4951.75,5044.67,5965.17,6048.36
(주)퍼플아카데미,보통,2805.75,2852.5,2916,3011,3088.5,3172.5,3257.25,3328.5,3408.5,3491.75,3582.5,3681,3782.5,3885.25,3992.25,4106.75,4231.5,4364.75,4433.33,5252.42,5326.91
(주)페니로이스,낮음,3567.75,3637.5,3737,3881.5,4018.5,4168.75,4330,4478.75,4631.5,4773.25,4911.75,5057,5209,5367.5,5533.75,5715.5,5919.25,6139,6254,7428.58,7535.09
(주)페이앤스토어,매우낮음,3570.25,3635.25,3736.25,3906.25,4090.75,4310,4544.25,4759,4972,5174.75,5376.5,5580,5788,6005,6232.5,6468.75,6709.75,6953.75,7075,8410.58,8532.36
(주)포스로직,낮음,3420.75,3484.5,3572.25,3699.25,3814.75,3943.25,4089.25,4237.75,4407,4580.5,4757.5,4937,5112.75,5282.75,5447.75,5613.75,5787.25,5971.5,6065.67,7227.58,7333.64
(주)포유디지탈,낮음,2982.25,3038.75,3116.25,3224,3312.75,3402.25,3494.5,3580.75,3683.25,3789.75,3901.75,4019.25,4135.75,4250.5,4368.5,4497,4642.75,4804,4888.33,5851.92,5939.64
(주)포컴퍼니,높음,2948.25,3000.25,3073.75,3183.25,3273.75,3374,3483.25,3588,3711.5,3837.25,3963,4089,4215,4346.5,4488.25,4643.25,4807.25,4968.5,5052.33,5899.5,5975.73
(주)푸딘코,낮음,4890,4979.5,5109.5,5305.5,5481.5,5673.5,5879.5,6079.25,6313.25,6566.75,6837,7118.25,7398.25,7669,7930.75,8189.75,8454,8728,8867.33,10508.42,10658
(주)퓨쳐스콜레,낮음,3856.5,3929.5,4027.75,4164,4281.5,4409,4557,4715.25,4904.75,5103.25,5309.25,5522,5736.75,5952.5,6171,6397.25,6635.75,6886,7014.33,8429.33,8558.09
(주)플래닝고,낮음,3186.75,3247.25,3329.25,3443,3539.25,3637.75,3744.75,3851.5,3978,4110.75,4250.25,4394.5,4537.25,4676.25,4811.25,4947.5,5088.75,5234.75,5310,6189.42,6269.45
(주)플랙스뉴럴랩스,낮음,2929.5,2982.25,3057.25,3170.25,3271.25,3385.75,3509.75,3626,3755.25,3888,4026.5,4172,4320.25,4468,4618,4774.75,4941.75,5116.25,5205.67,6105.83,6187.64
(주)피앤이시스템즈,보통,3738.5,3790,3847.25,3932.75,3989.25,4077.5,4197.25,4326.25,4479,4633.5,4793.5,4964.75,5146,5335.25,5530.75,5730.75,5934.5,6138,6242.33,7443.75,7552.64
(주)핀다,높음,4573.75,4635.75,4709.75,4824.5,4903.75,5011.75,5143.5,5276.25,5440.75,5622.25,5822,6034.25,6246.25,6457.25,6674,6914,7196,7517.5,7687,9559.33,9729.64
(주)필라넷,높음,3585.25,3649.25,3738,3872,4000.5,4155,4335.75,4520.25,4721.75,4919.75,5115.25,5308,5496.25,5684,5876.25,6086.5,6324,6581.25,6716,8091,8215.64
(주)하이카이브,매우낮음,3729.5,3804.25,3909.5,4060.5,4203.5,4358,4530.25,4706.25,4906.75,5113.25,5326.5,5545,5759.75,5968.5,6171.5,6373.75,6581,6795,6904,8154.5,8268.45
(주)하이테커,매우낮음,2694.25,2743.25,2812,2913.75,3004,3104.25,3214,3320,3441.25,3565.75,3694.25,3826.75,3958.5,4089.25,4219.75,4354.25,4494.5,4635.75,4709,5378.83,5439.36
(주)하이퍼정보,보통,2996.75,3055.25,3137.25,3250.5,3340,3426.25,3513.5,3591.75,3688.5,3790.5,3898.5,4017,4143,4274.75,4409.75,4549,4695.5,4846.75,4924,6047.92,6150.09
(주)한국디지털거래소,높음,4119.25,4206.25,4331.5,4507,4665,4808.5,4943.5,5067.25,5219.75,5392.5,5587.75,5798.25,6011,6225.75,6444.25,6671,6909.5,7159.5,7287.33,8829.42,8969.91
(주)한국비즈넷,보통,3227.75,3284.5,3358.25,3459.75,3538.25,3624.25,3725.25,3834.75,3972.75,4122.75,4285.25,4457.25,4633.25,4811.5,4992.25,5182.25,5390,5620.75,5739,7204.75,7338.82
(주)한싹,보통,3244.5,3314.75,3423.5,3585.25,3746,3899.75,4042.25,4159.75,4279.75,4403.25,4535,4676.5,4823,4973.75,5133,5305.25,5494,5696.5,5801,6987.17,7095.09
(주)한우리아이티,낮음,3424.75,3488.5,3576.5,3704.25,3820.5,3949.75,4096,4244.25,4413,4586,4763,4942.75,5119,5289.75,5455,5621,5794.75,5979,6073.33,7237,7343.18
(주)허드슨에이아이,매우낮음,3639.75,3709,3806,3946.5,4076.5,4219.75,4380.5,4543,4724.75,4908.25,5092.5,5277.5,5458.5,5634.5,5806.25,5979.75,6163,6358.75,6459,7721.33,7836.55
(주)혜성테크윈,낮음,3234,3297.5,3389.5,3521.25,3634,3746.75,3863.5,3973,4102.5,4239,4376.75,4515.75,4653.75,4788.5,4923.5,5064.75,5216.25,5376.25,5459.33,6504.33,6599.27
(주)호패,낮음,3736.25,3811.5,3918.75,4071.5,4212.25,4353,4496.75,4630,4778.25,4931.25,5094.5,5272.25,5462.75,5677,5925.5,6205.25,6496.25,6777.25,6919.33,8171.17,8284.27
(주)휴네이트,낮음,3371.5,3432,3513.75,3630.75,3727,3829.5,3941,4048.25,4171,4293.25,4417,4545,4674.75,4808,4947.25,5093.25,5244.75,5392.5,5469.67,6313.58,6389.45
111퍼센트(주),보통,3828.75,3904,4008,4155.5,4292.5,4444.75,4615.5,4789.75,4994.75,5229,5507.25,5826.75,6160.25,6489.5,6809,7127,7455.75,7776.25,7941.33,9073.5,9174.82
가온브로드밴드,높음,4125.5,4209,4324.25,4481.75,4618.75,4753.5,4898.5,5043.75,5214.75,5394,5584,5792.5,6023.5,6276.75,6544,6815.25,7077,7320.75,7442.33,8844.83,8971.91
건솔루션(주),보통,3395,3443.75,3503.75,3596,3667,3762.75,3880.25,3997.5,4131.75,4270,4414.25,4567.25,4724.75,4886.25,5053.75,5233.75,5434.75,5662.75,5779.33,7128.25,7252
나무기술,매우낮음,3400,3465.5,3557,3687.75,3806.5,3933.75,4074.25,4216,4380.75,4555,4740.75,4938,5138.75,5339.25,5537,5735.25,5938.5,6148,6254.67,7427.67,7534.55
넥서스커뮤니티,보통,3926.25,3996.5,4084,4195.5,4269.25,4340.5,4428.5,4531.25,4678.25,4850.25,5042.75,5252.5,5465.75,5677,5885.25,6096.5,6319.25,6551.25,6671.33,8057.83,8183.64
대원씨티에스(주),매우높음,3426.5,3489.25,3575,3698,3802.5,3915,4035.25,4148.25,4280.5,4420.25,4572,4739.75,4921.5,5121,5340.25,5579.75,5832.5,6085.75,6214.67,7444.5,7556
대진정보통신(주),매우낮음,2321.5,2359.75,2412,2494,2569,2660.5,2762.75,2859.75,2966,3074.25,3188,3306.5,3424.25,3538.75,3653,3770.5,3892.75,4016.5,4080,4704.67,4761.18
더블미디어,보통,2920.75,2981.25,3069,3192.25,3298.5,3401,3502.75,3594,3697,3801.25,3911.5,4039.25,4191.25,4367.5,4561,4757.5,4946.75,5123.25,5209.33,6326.25,6427.82
덴티움,매우높음,3344.5,3399.25,3476,3598,3711.25,3853.25,4015,4170,4340.25,4512.25,4689.5,4875.75,5063.75,5252,5440.75,5634.25,5836.75,6050.5,6159,7459.5,7578.27
드림라인(주),높음,3397,3460.75,3549.5,3675,3782.25,3899.75,4036,4177.75,4349.75,4535,4733.25,4942.75,5158,5368.75,5565.5,5755.75,5949.75,6161,6267.33,7513.33,7627.64
드림마크원(주),낮음,5674.5,5778.75,5908,6066,6166.5,6240.75,6332.5,6449.25,6625,6844.75,7080.25,7316.5,7547,7772.75,8000.75,8238,8486.75,8743.25,8872.67,10571.42,10726.18
디엑스솔루션(주),매우낮음,4909.25,5019.25,5178,5396.75,5604.25,5807.5,6026.5,6254.75,6523.5,6808.25,7104.25,7406,7703.5,7993.5,8276,8558,8845.5,9139.5,9289.33,11090.5,11254.45
디플래닉스(주),매우낮음,4432.5,4499.75,4591.75,4744,4892.25,5099,5366.5,5661.25,5988.25,6297.5,6558,6772.75,6959.75,7160.25,7412,7722.5,8071.25,8432,8619.67,10046.08,10175
딥노이드,높음,3334.5,3392,3468.75,3581.75,3680.25,3796.25,3929.5,4063,4212.75,4362.25,4514,4669,4825.5,4984.25,5148.25,5323,5511.75,5712.75,5816.33,7088.25,7204
로지소프트,보통,4048.25,4132.25,4248.75,4407,4544.5,4667.75,4777.75,4863.75,4959.75,5063,5186.25,5332.75,5490.5,5650.25,5812,5983.5,6179,6410,6528,8360.25,8528.45
메타넷티플랫폼,높음,3668,3739.75,3841.25,3987.75,4123,4270.5,4431.75,4590,4766.75,4946.75,5133.75,5330,5530.75,5734,5940.25,6156.5,6387.75,6628.25,6752.67,8147.92,8274.55
미조리장갑(주),매우낮음,2805.25,2858,2933.25,3043.75,3142.25,3249.25,3364,3474.25,3600.25,3730.5,3865.5,4005,4144.5,4281.75,4417.5,4553.75,4692.75,4833.25,4904.67,5664.58,5733.64
미투온,높음,3492.5,3566,3667,3800,3909.5,4007,4106,4205.5,4332,4467.5,4612.75,4766.5,4923.25,5082.75,5245.75,5419.25,5611.25,5821.75,5931.33,7251.92,7372.18
벳칭(주),낮음,3159.75,3223,3310.5,3432.75,3542.5,3655.25,3779.5,3906.5,4056.25,4215,4382.25,4556.5,4729.5,4898.5,5063.5,5228.5,5399.25,5576,5666.33,6680.58,6772.91
블루닷(주),낮음,3823,3896.5,3995.75,4133.5,4255,4388.75,4547.25,4720,4928,5148.5,5379,5619.5,5862.5,6106,6351.25,6601.5,6858.75,7120.25,7254,8586.25,8707.18
비바이노베이션,보통,3481.25,3543,3623.25,3734.25,3821,3915.5,4026.75,4144,4288,4441.5,4605,4780.5,4966.5,5164,5374.5,5605.25,5872.75,6186.75,6346.67,8385.67,8572.82
비즈톡(주),낮음,3109,3165.5,3241.75,3350.75,3444.25,3543,3648,3745.75,3857,3972,4094,4223.5,4353,4480,4608.25,4750,4922.75,5136.25,5247.33,6468,6580.27
빅웨이브로보틱스(주),보통,3413.5,3474,3553.75,3664.75,3751.25,3840.25,3937.5,4033.75,4152.25,4279.5,4415,4557.75,4704,4855,5016,5199.75,5423.75,5711,5857.33,7642.42,7808
삼영기업,매우높음,3843.5,3913.75,4012.75,4159,4285.25,4417,4551.5,4673.25,4815.5,4967.75,5132.75,5309,5488.25,5669,5850.5,6036,6231.5,6438,6543,7842.58,7961.18
서울거래(주),낮음,3538.25,3614.5,3721.75,3866.5,3993.75,4117.75,4249.25,4379.75,4533,4687.5,4843,5003.5,5165.25,5328.75,5497.5,5676,5870,6079,6186.33,7486.08,7604.55
송암시스콤(주),보통,3245.75,3303.25,3382.5,3496.25,3584.75,3674.75,3768.5,3855,3961.75,4079.25,4206.5,4344.25,4490.25,4643,4806,4986,5186.25,5403.75,5517,6824.83,6943.82
숲,매우낮음,3884.75,3975.5,4106,4273.5,4428,4564.25,4700.5,4837.5,5005,5186.5,5381.25,5588,5802,6020.25,6246,6486.75,6748.5,7030.5,7175.67,8880.67,9036
스마트푸드네트웍스(주),높음,3645,3693.75,3749.25,3833.5,3887.5,3966.75,4066.25,4163.75,4280.5,4404.75,4543.25,4701.5,4874.25,5055.5,5238,5425.25,5626.25,5845.25,5958.33,7124.67,7231.27
스카이월드와이드,낮음,3209.25,3269.5,3350.75,3464.5,3562,3665.25,3781.25,3901.25,4045,4198.25,4361.75,4532.75,4704.25,4873,5038.75,5206.5,5381.25,5563.5,5657,6727.5,6824.91
스콥정보통신(주),높음,3664.5,3729,3813.5,3932.5,4028.25,4132.25,4249,4365.25,4504.5,4651.5,4808.75,4975.5,5144.5,5313.75,5482.5,5655.75,5840.5,6039.25,6140.67,7432,7549.91
스패로우,보통,3413.25,3472.75,3553.5,3671.5,3772.75,3887.5,4020.5,4159.5,4325.25,4503.75,4693.25,4889.75,5084.25,5274.75,5463.75,5661,5876.25,6111.25,6233,7554.92,7675.45
시스트란,낮음,3765.5,3838.75,3940.75,4088,4225.5,4375.5,4540.25,4698.25,4860.5,4997.25,5109.25,5209.75,5312,5432.5,5578.5,5746.5,5929.25,6123.25,6222,7756.92,7896.91
아세아텍,매우높음,3800.5,3858,3932.5,4045.5,4131.75,4244,4382.5,4525.75,4697.5,4878,5060,5241,5416.5,5586.25,5755.75,5934.25,6127,6329,6433.67,7559.17,7661.27
아이디어스투실리콘(주),매우낮음,4124.75,4201,4308,4470,4627.25,4811,5021,5234.75,5471.5,5714,5964.25,6218.25,6466.25,6703,6929.25,7155.75,7390.25,7634.75,7761,9156.42,9283.45
아일리스프런티어(주),낮음,3789.75,3860.25,3956.5,4095.25,4221,4361.75,4522.5,4688.25,4879.25,5077.75,5284.5,5497.75,5709,5916.25,6120.25,6325.75,6538.75,6760,6872.67,8200.92,8321.91
아타드(주),매우낮음,2901,2956,3031,3136.75,3229.75,3329.25,3441,3556,3692,3836.25,3988.25,4146.75,4305,4460,4612,4763.75,4919,5078.25,5159.33,6070.75,6153.73
알비에치(주),매우낮음,3863.5,3943.5,4059.75,4228,4387.5,4552.75,4726.25,4892.75,5079.25,5270.25,5469.25,5675.5,5882.75,6087.75,6288,6488.5,6694.5,6906.5,7014.67,8205.08,8313.45
에스디바이오센서(주),매우높음,4076.25,4137.5,4215,4338.25,4445.75,4588.5,4758.5,4933.25,5131.5,5329.25,5524.75,5713.75,5893.25,6067,6241.75,6420.5,6605.75,6801,6901,8241,8363.18
에스엔에치(주),보통,2966.75,3018.25,3086.25,3182.25,3255.75,3336.5,3428,3522.25,3648.75,3805.5,3997.75,4218.25,4443.25,4648.75,4815.25,4946.75,5058.25,5167.75,5221,6163.33,6250.18
에스엔에프코리아(주),낮음,4420.75,4504.75,4625.75,4805,4966.5,5132.75,5305.25,5467.25,5651,5840.25,6033.25,6228.5,6423,6625.5,6848.5,7116.5,7445.25,7822,8025,9657.08,9804.82
에이엠스퀘어(주),매우낮음,3116.75,3178,3268.5,3405.75,3542,3697.25,3866.75,4030,4203.25,4371.75,4537.5,4699.25,4853.5,5000,5144.75,5302.25,5481.5,5678,5781.67,6953.67,7060
에이엠시지,보통,3862,3929.75,4022,4159,4285,4440.5,4624.25,4809.75,5009.75,5201.25,5385.25,5565.75,5740.75,5913,6092.75,6299.25,6551.5,6852.25,7009.67,8663.92,8815.36
에프알텍,높음,3401,3459.75,3538,3650.5,3741,3836.75,3941.5,4042.75,4164.75,4299,4444.75,4598.75,4754.25,4910,5070.25,5241.25,5425.75,5618.5,5717.67,6917.42,7026.36
에프에스케이엘앤에스(주),높음,4022.25,4081.75,4159.25,4283.5,4389.75,4529.75,4693.5,4851.25,5025,5203,5391,5589.25,5790,5989.75,6190.25,6402,6634.25,6887,7017.67,8508.08,8644
엑스페릭스,낮음,3811,3879.5,3974,4113.75,4237.75,4375.25,4524.5,4666.75,4827,4992.5,5166,5345.75,5525.5,5703.25,5881.75,6068,6266,6473.25,6579.67,7813.92,7926.18
엔큐리티,보통,3281.25,3342,3422.75,3535.25,3631.75,3737,3855.5,3972,4102.5,4230.5,4358.75,4491.75,4626.5,4763.75,4904,5049,5199.5,5356.5,5435.67,6697.5,6812.73
엠투아이코퍼레이션,높음,3640.25,3712.75,3816,3964,4099.25,4239,4385.75,4526.25,4685.25,4848.5,5017.25,5191.25,5365.25,5539,5714.75,5900,6102.5,6324,6438,8001.33,8144
엠핀스(주),매우낮음,3608,3677,3778,3929.75,4071.25,4223.75,4382.5,4528.75,4691.25,4859,5034.75,5216,5394,5565.25,5732.5,5905.25,6089,6281,6380.67,7466.17,7564.73
오픈헬스케어(주),매우낮음,4179,4262.75,4382.75,4556.5,4722.25,4900.75,5095.5,5288,5502.25,5719.25,5941.25,6171.5,6406.5,6645,6886,7132.75,7386,7637.25,7766.67,9224,9355.73
올거나이즈코리아(주),낮음,4173.25,4257.75,4383.25,4571.5,4760,4967.75,5193.5,5414.75,5655,5892.25,6129,6368,6603,6832.25,7056.25,7281.25,7514.5,7756.25,7881.67,9236.08,9358.91
위펀,높음,3490.25,3532.5,3574.25,3627,3637.5,3665.25,3715.25,3777.75,3869.25,3979.25,4102.25,4237.25,4378.75,4527,4690,4874.25,5080.5,5302,5416.33,6305.5,6386.36
유진로봇,높음,3625.75,3702,3809,3953.5,4075,4190.25,4310,4427.75,4571.25,4720.25,4874.25,5034.5,5199.5,5374.5,5561.75,5764,5981.25,6210.75,6326.67,7600.42,7716.91
이노아이(주),보통,3000,3047,3104.25,3184.75,3241.25,3313.5,3409.75,3521.5,3665.75,3822.25,3984,4148.75,4313.5,4479.75,4651.5,4831.75,5022.25,5218.5,5319.67,6355.33,6449.18
이마고웍스(주),보통,3581,3660.5,3783.75,3963.75,4138.25,4295.5,4433,4538,4644.5,4756.5,4882.5,5024.5,5176.5,5335.25,5500.5,5684,5899.75,6153.25,6285.67,7742.17,7875.55
이스트소프트,높음,3406.75,3481.5,3585.75,3721,3834,3931.25,4030.25,4132,4262,4405,4558.5,4721.5,4888.75,5058,5229.5,5407.25,5594.75,5791.75,5892.67,7165.67,7281.64
이지스엔터프라이즈(주),높음,3904,3965,4037.5,4139.75,4216,4321.25,4463.5,4628.25,4840,5074.5,5324.25,5579.5,5820.25,6040.75,6248,6459.25,6686,6924.75,7050.33,8538.5,8673.36
이지케어텍,매우높음,3639.75,3706.25,3796.75,3926.75,4038.25,4157.75,4289,4418.5,4569.75,4730.25,4902.25,5084.75,5270.5,5457.5,5646.75,5845.75,6060.5,6288.5,6406.67,7807.5,7934.91
이파피루스,높음,3635,3699.5,3784.5,3904.5,4003,4112.25,4239.75,4372.75,4529.75,4693,4861,5033.75,5211,5395.5,5592,5805,6033.5,6271.5,6393.67,7825.58,7955.73
인아텍앤코포 (주),매우낮음,3532.25,3602.5,3703,3846,3972.5,4102,4238.25,4371.25,4528,4692.75,4865.25,5042.75,5219.75,5394,5567.5,5747,5936.75,6134.75,6237,7379.42,7483.18
인크로스(주),매우높음,3206.5,3269.25,3358.5,3486.75,3601.75,3725.75,3863,4002.75,4164.75,4332.25,4506,4687.75,4877.75,5074,5274.25,5481.25,5700.5,5939,6060,7699.75,7849.82
인터콘시스템스(주),높음,3466.75,3524.5,3598,3700,3772.5,3855.5,3952,4045.25,4160.75,4283,4412.75,4556.5,4710.75,4874,5047.5,5233.25,5434,5644.25,5751.67,6892.92,6996.64
제이엔에스,높음,3218.25,3275.75,3356.25,3479,3594.75,3731.75,3885.75,4035.75,4195.75,4348.5,4498.5,4648.25,4795.75,4942.75,5096.5,5268,5464.25,5678,5791.67,6846.17,6941.36
제이티비씨(주),매우높음,4190.75,4260.5,4353.75,4492.5,4609.25,4747.75,4911.25,5078,5272.25,5477.5,5693,5925,6168.75,6414,6654.5,6894.25,7143,7411.25,7549.67,9531.83,9712.73
제이피아이헬스케어,보통,3867,3945.5,4057.75,4216.5,4354,4481,4602,4713,4852.5,5011.25,5188.5,5374.25,5558.25,5739,5919.25,6107.25,6310,6527,6638.67,8011,8136
주식회사 리만코리아,매우낮음,3911.5,3991.25,4107,4276.5,4440.75,4618.5,4811.75,5002.5,5214,5427.5,5644,5863.75,6078.25,6286.25,6489.5,6692.5,6901,7114,7222.67,8437.67,8548.18
주식회사 에스티씨랩,매우낮음,3736.5,3810.25,3917.75,4076.75,4227.75,4391.25,4567.75,4739,4928,5119.25,5314,5514,5715.25,5914.5,6110.5,6306,6506,6711,6815.33,7929.92,8031.36
주식회사 테크핀레이팅스,매우낮음,4839,4931.25,5066.75,5275.25,5480.5,5712.75,5964.25,6205.75,6467,6728.5,6996.25,7273,7552.75,7834,8116,8401.5,8694.25,8992.5,9144.67,10878.08,11035.64
주식회사웨어러블에이아이,매우낮음,2790.25,2841,2912.5,3018.25,3111.75,3215.75,3328.75,3436.75,3558.25,3679.75,3801,3921.75,4038.5,4151.25,4262.25,4376.5,4497.5,4624.5,4690,5510.58,5585.27
주식회사핀즐,매우낮음,3006.25,3062.25,3141.75,3259.75,3367.5,3486.75,3616.5,3742.25,3884,4029.5,4180.5,4335.75,4489.5,4638.75,4783.75,4930.25,5083.5,5242.75,5325,6175.58,6252.82
지니언스,낮음,3716.5,3789.25,3888.5,4024,4138,4251.5,4378,4513.75,4688.25,4888,5107.75,5336.75,5558.5,5767.75,5968.75,6176.5,6400.5,6636,6759.33,8190.17,8319.91
채비(주),높음,3264,3321.75,3397.5,3502.5,3585,3672.75,3771.75,3870.75,3988,4106.5,4226.25,4351.75,4483,4626.25,4791.75,4985.75,5209.75,5448,5574,6413.08,6488.27
칩스앤미디어,보통,6065.5,6139,6211.75,6306.5,6327.75,6375,6462.25,6590,6799.75,7071.75,7380.75,7694,7971.75,8211.5,8433.25,8667.5,8945.5,9265,9435,11417.42,11597.82
쿠도커뮤니케이션(주),높음,3493.25,3565.75,3667,3804.5,3919.75,4022,4120,4211,4327.25,4459.25,4607.5,4768,4934.5,5106.5,5287.25,5483,5696.25,5921.75,6038,7351.92,7471.36
큐어스트림(주),매우낮음,4069,4148.25,4261,4425.25,4579.25,4750.75,4941.25,5133,5347.75,5563.5,5780,5997,6211,6421.25,6630.75,6844.5,7066.5,7296.25,7413.33,8700.58,8817.82
텔스타(주),높음,3647.75,3702,3769,3870,3943.75,4041.25,4159.5,4278.75,4422.5,4574.75,4739.5,4924.25,5129.25,5352,5588.5,5831,6069.75,6296.75,6411.67,7564.58,7668.82
텔코웨어(주),높음,3871,3947.75,4059,4222.25,4378,4540.5,4711.25,4874.25,5055.5,5242.75,5438.5,5641.5,5844,6045.5,6248,6458.75,6682.25,6916,7036.67,8495.67,8628.27
트럼피아(주),낮음,3678.25,3745.5,3835.25,3959.25,4059.5,4174,4316.5,4475,4667.75,4865,5056.5,5245.25,5434.5,5629.5,5829.5,6031.25,6231.25,6436.75,6537.33,7817.92,7935.73
트리플콤마(주),낮음,4011,4071.75,4145.25,4256.5,4351.75,4492.5,4675,4861.75,5050.5,5206.5,5330,5440.25,5556,5689.25,5849.75,6040.25,6255.25,6486.5,6606.67,8530.92,8706
티투엘(주),낮음,3248.5,3304.25,3378,3486,3578.75,3685.5,3805,3924.5,4064,4208.5,4356.5,4503.25,4639.5,4765,4886.75,5013.75,5157.25,5323.75,5409.67,6675.17,6791.09
팀블랙버드(주),보통,4472.5,4587.25,4791,5109.25,5472.75,5816,6110.5,6318.25,6479.75,6614.75,6734.25,6846.25,6956.25,7075.5,7207.5,7360.25,7536.5,7730.75,7832,9396.58,9539.27
파이(주),보통,3429.25,3491.25,3571.75,3685.75,3782.5,3887.5,3999.25,4107.75,4233.25,4356.75,4479.75,4599.5,4713.25,4824.25,4941,5066.5,5202.5,5351.75,5428.33,6525.75,6626
파인더갭(주),낮음,3124.5,3184.75,3268.25,3386.5,3492.5,3610.25,3741.25,3868.25,4011,4154.5,4303.25,4462,4625.5,4793.25,4966.5,5146,5327,5505.75,5594.67,6774.67,6882.18
페이워크(주),낮음,3210.5,3273.75,3366.5,3505.25,3639.75,3789,3951.25,4110.25,4285.75,4458.75,4631,4802,4965.5,5121.5,5272,5424.75,5587.5,5760.5,5851,6726.08,6805.45
펜타시큐리티(주),보통,3783.5,3856.25,3952.25,4079.25,4177.25,4271,4376.5,4491,4641.5,4810.5,4995.75,5194.75,5401.75,5613,5828.25,6052.5,6291.5,6545.5,6676,8232.25,8373.91
폴라리스쓰리디,보통,3449.25,3503.25,3567,3651.75,3698.25,3745.5,3804.5,3872.25,3976.25,4105.5,4253,4411.25,4569.75,4722.75,4875.25,5038.75,5225.25,5435.75,5547,6676.5,6779.27
프리시젼바이오(주),보통,3207,3263.25,3339.75,3453,3552.75,3668.25,3797.25,3919.25,4051.75,4178.25,4302.25,4428.25,4553.5,4679,4806.5,4942.5,5093.75,5259.75,5346,6479.5,6582.73
플래티어,보통,3588.5,3662,3765.5,3910,4041.25,4173.5,4314.25,4454,4617.75,4791.75,4979.75,5183.25,5392,5598,5797.5,5994,6193,6395.75,6500.67,7718.08,7828.55
피아스페이스(주),낮음,3217.25,3277.75,3359.5,3474,3572.25,3676,3792.25,3912,4056,4209.75,4373.75,4545.5,4717.25,4886.25,5052.25,5220.25,5395,5577.5,5671,6744.5,6842.27
피에프씨테크놀로지스(주),낮음,4004.25,4073,4160.5,4284.75,4394,4537.5,4723.5,4933,5180,5430.25,5676.75,5924.75,6168.5,6406,6635.75,6857.25,7069.5,7272.75,7376.67,8735.58,8858.82
피엠인터내셔널코리아(유),높음,3044.75,3091.25,3150,3238.25,3304.75,3388.5,3487.25,3585.25,3704,3832.5,3973.5,4121,4265.25,4403.25,4538.25,4680.25,4837.25,5009.75,5098.33,6496.25,6623.64
한국전자인증,높음,3263,3317.75,3386.75,3482.5,3554.75,3639.5,3744,3859,4005.5,4170.75,4356.75,4558.75,4762.5,4960.25,5151.75,5346.25,5552.5,5766.25,5877.67,6998.42,7099.82
헬스커넥트(주),낮음,3665.25,3730.75,3818.5,3943.25,4045.5,4152.25,4267.25,4379,4514.5,4664.75,4833.5,5020.25,5217.5,5419.25,5620.5,5825,6036.75,6254.25,6366.33,7740,7864.82
혜연전자(주),낮음,2992,3047,3123.25,3235.25,3336.5,3450.75,3574.75,3687.5,3807.75,3924.25,4043.25,4170.75,4302,4433.5,4565.25,4702.5,4848.25,4999.5,5077.67,5866.08,5937.64
